Workbook

Sheet Resumen
A1: FOSO DE ASCENSOR — RESUMEN DE ACERO Y CONCRETO
A2: Multifamiliar Herrera · Plano EST-02 v.01 (19/06/2026). Valores enlazados a las otras hojas.
A4: Concepto | B4: Neto | C4: Con desperdicio | D4: Und
A5: Acero #4 (1/2") | B5: ='Cartilla acero'!L13 -> 261 | C5: =B5*(1+Parámetros!$B$5) -> 274.05 | D5: ml
A6: Acero #3 (3/8") | B6: ='Cartilla acero'!L15 -> 120 | C6: =B6*(1+Parámetros!$B$5) -> 126 | D6: ml
A7: Acero total | B7: =B5+B6 -> 381 | C7: =C5+C6 -> 400.05 | D7: ml
A8: Concreto estructural 21 MPa | B8: ='Concreto por elementos'!H9 -> 2.718 | C8: ='Concreto por elementos'!I9 -> 2.8539 | D8: m³

Sheet Parámetros
A1: PARÁMETROS
A2: Celdas en azul sobre amarillo: editables. Todas las tablas se recalculan con ellas.
A4: Parámetro | B4: Valor | C4: Und | D4: Fuente
A5: Desperdicio acero | B5: 0.05 | D5: Criterio de obra
A6: Desperdicio concreto | B6: 0.05 | D6: Criterio de obra
A7: f'c concreto estructural | B7: 21 | C7: MPa | D7: Supuesto; EST-02 no lo indica
A8: fy acero de refuerzo | B8: 420 | C8: MPa | D8: Supuesto; EST-02 no lo indica

Sheet Cartilla acero
A1: CARTILLA DE DESPIECE — ACERO DE REFUERZO FOSO DE ASCENSOR (EST-02)
A2: Valores en azul tomados del plano EST-02 (confirmados en obra). N° de barras = REDONDEAR.MAS(distribución ÷ separación) + 1.
A4: Marca | B4: Elemento | C4: Forma | D4: Tramos (m) | E4: Barra | F4: Separación (m) | G4: Long. a distribuir (m) | H4: N° por elemento | I4: Elementos | J4: Cant. total | K4: L corte (m) | L4: Long. total (ml)
A5: L1 | B5: Losa de fondo — sentido X (2 capas) | C5: Recta con gancho a 180° en ambos extremos | D5: 1.70 + 2 × 0.20 | E5: #4 | F5: 0.2 | G5: 2.08 | H5: =ROUNDUP(ROUND(G5/F5,6),0)+1 -> 12 | I5: 2 | J5: =H5*I5 -> 24 | K5: 2.2 | L5: =J5*K5 -> 52.8
A6: L2 | B6: Losa de fondo — sentido Y (2 capas) | C6: Recta con gancho a 180° en ambos extremos | D6: 2.10 + 2 × 0.20 | E6: #4 | F6: 0.2 | G6: 1.68 | H6: =ROUNDUP(ROUND(G6/F6,6),0)+1 -> 10 | I6: 2 | J6: =H6*I6 -> 20 | K6: 2.6 | L6: =J6*K6 -> 52
A7: M1 | B7: Muros X — horizontales (2 muros) | C7: En U, patas a 90° | D7: 1.68 + 2 × 0.20 | E7: #4 | F7: 0.2 | G7: 1.2 | H7: =ROUNDUP(ROUND(G7/F7,6),0)+1 -> 7 | I7: 2 | J7: =H7*I7 -> 14 | K7: 2.1 | L7: =J7*K7 -> 29.4
A8: M2 | B8: Muros Y — horizontales (2 muros) | C8: En U, patas a 90° | D8: 2.08 + 2 × 0.20 | E8: #4 | F8: 0.2 | G8: 1.2 | H8: =ROUNDUP(ROUND(G8/F8,6),0)+1 -> 7 | I8: 2 | J8: =H8*I8 -> 14 | K8: 2.5 | L8: =J8*K8 -> 35
A9: M3 | B9: Muros X — verticales (2 muros) | C9: Gancho sup. 180°, pata inf. 90° | D9: 1.28 + 0.20 + 0.20 | E9: #4 | F9: 0.2 | G9: 1.3 | H9: =ROUNDUP(ROUND(G9/F9,6),0)+1 -> 8 | I9: 2 | J9: =H9*I9 -> 16 | K9: 1.75 | L9: =J9*K9 -> 28
A10: M4 | B10: Muros Y — verticales (2 muros) | C10: Gancho sup. 180°, pata inf. 90° | D10: 1.28 + 0.20 + 0.20 | E10: #4 | F10: 0.2 | G10: 1.7 | H10: =ROUNDUP(ROUND(G10/F10,6),0)+1 -> 10 | I10: 2 | J10: =H10*I10 -> 20 | K10: 1.75 | L10: =J10*K10 -> 35
A11: C1 | B11: Columnas 40×40 — longitudinal (4 col.) | C11: Gancho sup. 180°, pata inf. 90° | D11: 1.32 + 0.20 + 0.20 | E11: #4 | H11: 4 | I11: 4 | J11: =H11*I11 -> 16 | K11: 1.8 | L11: =J11*K11 -> 28.8
A12: E1 | B12: Columnas 40×40 — flejes (4 col.) | C12: Fleje cerrado 0.32 × 0.32, ganchos 135° | D12: 4 × 0.32 + ganchos | E12: #3 | F12: 0.075 | G12: 1.4 | H12: =ROUNDUP(ROUND(G12/F12,6),0)+1 -> 20 | I12: 4 | J12: =H12*I12 -> 80 | K12: 1.5 | L12: =J12*K12 -> 120
A13: Barra #4 (1/2") — neto | L13: =SUMIF(E5:E12,"#4",L5:L12) -> 261
A14: Barra #4 (1/2") — con desperdicio | L14: =L13*(1+Parámetros!$B$5) -> 274.05
A15: Barra #3 (3/8") — neto | L15: =SUMIF(E5:E12,"#3",L5:L12) -> 120
A16: Barra #3 (3/8") — con desperdicio | L16: =L15*(1+Parámetros!$B$5) -> 126
A17: Total #4 + #3 — neto | L17: =L13+L15 -> 381
A18: Total #4 + #3 — con desperdicio | L18: =L14+L16 -> 400.05

Sheet Concreto por elementos
A1: CÁLCULO DE CONCRETO POR ELEMENTOS — FOSO DE ASCENSOR (EST-02)
A2: Foso: luz libre 1.50 × 1.90 m · profundidad útil 1.20 m (N-0.10 a N-1.30) · exterior de muros 1.80 × 2.20 m · con columnas 2.10 × 2.50 m · altura total 1.40 m (N-0.10 a N-1.50).
A4: Elemento | B4: Cant. | C4: Largo (m) | D4: Ancho (m) | E4: Alto / espesor (m) | F4: Vol. unitario (m³) | G4: Descuento (m³) | H4: Vol. neto (m³) | I4: Con desperdicio (m³) | J4: Nota
A5: Losa de fondo e = 0.20 | B5: 1 | C5: 2.2 | D5: 1.8 | E5: 0.2 | F5: =C5*D5*E5 -> 0.792 | G5: =4*0.25*0.25*E5 -> 0.05 | H5: =B5*F5-G5 -> 0.742 | I5: =H5*(1+Parámetros!$B$6) -> 0.7791 | J5: Exterior de muros. Se descuentan las 4 esquinas que ocupan las columnas (0.25 × 0.25 × 0.20 c/u)
A6: Muros sentido X e = 0.15 | B6: 2 | C6: 1.3 | D6: 0.15 | E6: 1.2 | F6: =C6*D6*E6 -> 0.234 | G6: 0 | H6: =B6*F6-G6 -> 0.468 | I6: =H6*(1+Parámetros!$B$6) -> 0.4914 | J6: Entre caras de columnas, sobre la losa (N-1.30 a N-0.10)
A7: Muros sentido Y e = 0.15 | B7: 2 | C7: 1.7 | D7: 0.15 | E7: 1.2 | F7: =C7*D7*E7 -> 0.306 | G7: 0 | H7: =B7*F7-G7 -> 0.612 | I7: =H7*(1+Parámetros!$B$6) -> 0.6426 | J7: Entre caras de columnas, sobre la losa (N-1.30 a N-0.10)
A8: Columnas 40 × 40 | B8: 4 | C8: 0.4 | D8: 0.4 | E8: 1.4 | F8: =C8*D8*E8 -> 0.224 | G8: 0 | H8: =B8*F8-G8 -> 0.896 | I8: =H8*(1+Parámetros!$B$6) -> 0.9408 | J8: Altura completa N-1.50 a N-0.10
A9: TOTAL CONCRETO ESTRUCTURAL | H9: =SUM(H5:H8) -> 2.718 | I9: =SUM(I5:I8) -> 2.8539 | J9: Concreto f'c según Parámetros
A11: Solado de limpieza e = 0.05 (14 MPa, recomendado) | B11: 1 | C11: 2.4 | D11: 2 | E11: 0.05 | F11: =C11*D11*E11 -> 0.24 | G11: 0 | H11: =B11*F11 -> 0.24 | I11: =H11*(1+Parámetros!$B$6) -> 0.252 | J11: No dibujado en EST-02. Losa + 0.10 m por lado. Va aparte del concreto estructural.
